{
	"name": "small",
	"questions": [
			"How do we encourage local businesses in our community?",
			"How do we improve graduation rates of high schoolers?",
			"How do we create more positive community events?"
	],
	"roles": [
		{
			"name": "Contractor",
			"bio": "Employee at a large construction company",
			"agenda_items": [
				{
					"description": "Involves new construction",
					"bonus": 1
				},
				{
					"description": "Can start work in the next 3 months",
					"bonus": 1
				},
				{
					"description": "Project will take at least 2 years to complete",
					"bonus": 2
				}
			]
		}
	]
}